Issue,Resolution
Slow computer performance,"Run disk cleanup, remove startup programs, update OS, and check for malware using Windows Defender."
WiFi not connecting,"Restart router, forget and reconnect to network, update WiFi drivers, and run network troubleshooter."
Unable to print,"Restart printer spooler service, reinstall printer drivers, ensure printer is online, and clear print queue."
Email not syncing,"Reconfigure email account, check server settings, ensure stable internet, and clear email cache."
Blue screen error,"Review stop code, update drivers, run memory diagnostic, and check recent hardware changes."
Software installation failed,"Run installer as admin, clear temp files, ensure enough disk space, and disable antivirus temporarily."
Keyboard not responding,"Reconnect keyboard, check batteries (if wireless), update drivers, and test with another USB port."
Mouse cursor lag,"Replace batteries, clean sensor, update drivers, and reduce pointer speed in settings."
VPN not connecting,"Verify credentials, restart VPN service, switch servers, and check firewall blocking."
Application freezing,"Force close app, clear app cache, update software, and check RAM usage."
Shared folder not accessible,"Verify network path, check permissions, ensure both devices are on same network."
Frequent disconnection from WiFi,"Update router firmware, change WiFi channel, move closer to router, and reduce interference."
Cannot access website,"Clear DNS cache, try different browser, check firewall, and verify site is not blocked."
Slow file transfer,"Use wired connection, close background tasks, check disk health, and disable large file scanning."
Audio not working,"Check audio output device, update drivers, restart audio service, and test with headphones."
Display resolution issues,"Update GPU drivers, adjust resolution in settings, and check monitor cable."
Unable to join online meeting,"Test mic/cam, allow browser permissions, restart meeting app, and check bandwidth."
Account locked out,"Use self-service password reset, wait for timeout period, or contact admin to unlock."
Password reset not working,"Check password policy, ensure caps lock is off, and reset via admin portal."
Frozen computer,"Press Ctrl+Shift+Esc, end unresponsive tasks, restart PC, and check for thermal issues."
System overheating,"Clean cooling vents, reduce workload, check fan status, and repaste CPU if needed."
Laptop not charging,"Check adapter, test another charger, update BIOS, and inspect charging port."
Windows update stuck,"Restart update service, delete software distribution folder, and retry update."
Browser slow performance,"Clear browsing data, disable extensions, update browser, and reset settings."
File corrupted,"Use file recovery tool, restore from backup, or run chkdsk to repair disk errors."
Network drive disconnected,"Reconnect via File Explorer, remap drive, and ensure VPN is connected."
Cannot access internal system,"Check VPN, verify user permissions, update certificates, and try alternate browser."
Mobile device not syncing,"Reinstall sync app, reset account permissions, and check cloud storage status."
Printer offline,"Restart printer, reconnect to WiFi, reinstall printer, and disable offline mode."
System running out of disk space,"Uninstall unused apps, clean temp files, move files to cloud or external drive."
Screen flickering,"Update GPU drivers, disable adaptive brightness, and check loose display cable."
Computer not turning on,"Check power cable, test with another outlet, reset power supply, and remove peripherals."
USB device not detected,"Try different USB port, update drivers, enable USB legacy support in BIOS."
Application not launching,"Run as admin, reinstall application, clear configuration files."
RDP connection failure,"Enable remote access, check firewall, ensure PC is online and reachable."
Slow startup time,"Disable startup programs, enable fast startup, and check disk health."
Battery draining fast,"Disable background apps, reduce brightness, update drivers, and check battery health."
Incorrect time/date,"Sync time automatically, check time zone settings, and restart time service."
Unable to save file,"Check permissions, verify storage availability, and disable file protection apps."
High CPU usage,"Identify heavy processes, update software, scan for malware, and optimize startup."
High memory usage,"Close background apps, increase virtual memory, and scan system for issues."
Broken shortcut icons,"Rebuild icon cache, delete duplicate shortcuts, and refresh desktop."
Network slowness,"Test speed, reboot router, switch Ethernet, and check for bandwidth hogging apps."
Monitor not detected,"Reconnect HDMI/DP cable, update GPU drivers, and detect display via settings."
Outlook search not working,"Rebuild search index, repair Office installation, and clear OST file."
OneDrive not syncing,"Reset OneDrive, re-sign in, and ensure file path compatibility."
Teams microphone not working,"Check Teams permissions, reinstall audio drivers, and test in device settings."
Account permissions incorrect,"Check AD group membership, update role assignment, and sync directory."
Slow remote desktop,"Lower display resolution, disable visual effects, and switch to wired connection."
